
DROP TABLE EMP;
DROP TABLE DEPT;
DROP TABLE BONUS;
DROP TABLE SALGRADE;
DROP TABLE DUMMY;
drop table ret_emp;

CREATE TABLE EMP
       (EMPNO int NOT NULL,
        ENAME VARCHAR(10),
        JOB VARCHAR(9),
        MGR int,
        HIREDATE smallDATEtime,
        SAL NUMeric(12,2),
        COMM NUMeric(12,2),
        DEPTNO int);

INSERT INTO EMP VALUES
        (7369,'SMITH','CLERK',7902,'17-DEC-80',800,NULL,20);
INSERT INTO EMP VALUES
        (7499,'ALLEN','SALESMAN',7698,'20-FEB-81',1600,300,30);
INSERT INTO EMP VALUES
        (7521,'WARD','SALESMAN',7698,'22-FEB-81',1250,500,30);
INSERT INTO EMP VALUES
        (7566,'JONES','MANAGER',7839,'2-APR-81',2975,NULL,20);
INSERT INTO EMP VALUES
        (7654,'MARTIN','SALESMAN',7698,'28-SEP-81',1250,1400,30);
INSERT INTO EMP VALUES
        (7698,'BLAKE','MANAGER',7839,'1-MAY-81',2850,NULL,30);
INSERT INTO EMP VALUES
        (7782,'CLARK','MANAGER',7839,'9-JUN-81',2450,NULL,10);
INSERT INTO EMP VALUES
        (7788,'SCOTT','ANALYST',7566,'09-DEC-82',3000,NULL,20);
INSERT INTO EMP VALUES
        (7839,'KING','PRESIDENT',NULL,'17-NOV-81',5000,NULL,10);
INSERT INTO EMP VALUES
        (7844,'TURNER','SALESMAN',7698,'8-SEP-81',1500,0,30);
INSERT INTO EMP VALUES
        (7876,'ADAMS','CLERK',7788,'12-JAN-83',1100,NULL,20);
INSERT INTO EMP VALUES
        (7900,'JAMES','CLERK',7698,'3-DEC-81',950,NULL,30);
INSERT INTO EMP VALUES
        (7902,'FORD','ANALYST',7566,'3-DEC-81',3000,NULL,20);
INSERT INTO EMP VALUES
        (7934,'MILLER','CLERK',7782,'23-JAN-82',1300,NULL,10);

CREATE TABLE DEPT
       (DEPTNO int,
        DNAME VARCHAR(14),
        LOC VARCHAR(13) );

INSERT INTO DEPT VALUES
        (10,'ACCOUNTING','NEW YORK');
INSERT INTO DEPT VALUES (20,'RESEARCH','DALLAS');
INSERT INTO DEPT VALUES
        (30,'SALES','CHICAGO');
INSERT INTO DEPT VALUES
        (40,'OPERATIONS','BOSTON');
COMMIT;
CREATE TABLE BONUS
        (
        ENAME VARCHAR(10),
        JOB VARCHAR(9),
        SAL NUMeric(12,2),
        COMM NUMeric(12,2)
        );

CREATE TABLE SALGRADE
      ( GRADE int,
        LOSAL int,
        HISAL int );

INSERT INTO SALGRADE VALUES (1,700,1200);
INSERT INTO SALGRADE VALUES (2,1201,1400);
INSERT INTO SALGRADE VALUES (3,1401,2000);
INSERT INTO SALGRADE VALUES (4,2001,3000);
INSERT INTO SALGRADE VALUES (5,3001,9999);

CREATE TABLE DUMMY
      ( DUMMY int );

INSERT INTO DUMMY VALUES (0);

COMMIT;

DROP TABLE RET_EMP;

CREATE TABLE ret_EMP
       (EMPNO int NOT NULL,
        ENAME VARCHAR(10),
        JOB VARCHAR(9),
        MGR int,
        HIREDATE smallDATEtime,
        SAL NUMeric(12,2),
        COMM NUMeric(12,2),
        DEPTNO int);

insert into RET_EMP values(7521,'WARD','SALESMAN',7698,'22-FEB-1981',1250,500,30);
insert into RET_EMP values(7369,'SMITH','CLERK',7902,'17-DEC-1980',800,null,20);
insert into RET_EMP values(7566,'JONES','MANAGER',7839,'02-APR-1981',2975,null,20);
insert into RET_EMP values(7499,'ALLEN','SALESMAN',7698,'20-FEB-1981',1600,500,30);
insert into RET_EMP values(8011,'ARCHAR','CLERK',7698,'02-APR-1981',4000,400,20);
insert into RET_EMP values(8022,'ROBART','CLERK',7839,'02-APR-1981',4300,null,20);
insert into RET_EMP values(8033,'ROBIN','CLERK',7698,'02-APR-1981',3000,null,20);
commit;
